date,channel,sales,orders,revenue,price,discount,advertising_cost,impressions,clicks,new_customers,returning_customers,promotion_cost,inventory,returns,cogs,return_loss,list_price,unit_cost
2026-07-01,抖音,70,70,3542.0,50.6,0.08,2400.0,112606,2789,58,12,35.42,4980.49,2,2030.0,70.84,55.0,29.0
2026-07-01,小红书,21,21,1062.6,50.6,0.08,1200.0,42702,1063,18,3,10.63,5029.49,0,609.0,0.0,55.0,29.0
2026-07-01,淘宝,74,74,3744.4,50.6,0.08,2000.0,111766,2856,61,13,37.44,4976.49,2,2146.0,70.84,55.0,29.0
2026-07-01,搜索广告,34,34,1720.4,50.6,0.08,1000.0,41743,1071,28,6,17.2,5016.49,1,986.0,35.42,55.0,29.0
2026-07-01,私域,58,58,2934.8,50.6,0.08,600.0,53271,2292,36,22,29.35,4992.49,2,1682.0,70.84,55.0,29.0
2026-07-02,抖音,78,78,3946.8,50.6,0.08,2400.0,123814,3200,64,14,39.47,5142.29,2,2262.0,70.84,55.0,29.0
2026-07-02,小红书,20,20,1012.0,50.6,0.08,1200.0,44758,1095,17,3,10.12,5249.29,0,580.0,0.0,55.0,29.0
2026-07-02,淘宝,73,73,3693.8,50.6,0.08,2000.0,120623,3040,60,13,36.94,5143.29,2,2117.0,70.84,55.0,29.0
2026-07-02,搜索广告,39,39,1973.4,50.6,0.08,1000.0,46668,1194,32,7,19.73,5217.29,1,1131.0,35.42,55.0,29.0
2026-07-02,私域,69,69,3491.4,50.6,0.08,600.0,49455,2191,43,26,34.91,5163.29,2,2001.0,70.84,55.0,29.0
2026-07-03,抖音,73,73,3693.8,50.6,0.08,2400.0,124683,3114,60,13,36.94,5314.1,2,2117.0,70.84,55.0,29.0
2026-07-03,小红书,24,24,1214.4,50.6,0.08,1200.0,51425,1257,20,4,12.14,5470.1,0,696.0,0.0,55.0,29.0
2026-07-03,淘宝,72,72,3643.2,50.6,0.08,2000.0,121130,2859,60,12,36.43,5316.1,2,2088.0,70.84,55.0,29.0
2026-07-03,搜索广告,36,36,1821.6,50.6,0.08,1000.0,46370,1171,30,6,18.22,5426.1,1,1044.0,35.42,55.0,29.0
2026-07-03,私域,64,64,3238.4,50.6,0.08,600.0,52241,2032,40,24,32.38,5344.1,2,1856.0,70.84,55.0,29.0
2026-07-04,抖音,81,81,4098.6,50.6,0.08,2400.0,124637,3280,67,14,40.99,5482.99,3,2349.0,106.26,55.0,29.0
2026-07-04,小红书,25,25,1265.0,50.6,0.08,1200.0,46567,1166,21,4,12.65,5694.99,0,725.0,0.0,55.0,29.0
2026-07-04,淘宝,81,81,4098.6,50.6,0.08,2000.0,120712,2938,67,14,40.99,5484.99,2,2349.0,70.84,55.0,29.0
2026-07-04,搜索广告,39,39,1973.4,50.6,0.08,1000.0,50284,1287,32,7,19.73,5636.99,1,1131.0,35.42,55.0,29.0
2026-07-04,私域,71,71,3592.6,50.6,0.08,600.0,54178,2177,44,27,35.93,5522.99,2,2059.0,70.84,55.0,29.0
2026-07-05,抖音,74,74,3744.4,50.6,0.08,2400.0,111365,2780,61,13,37.44,5659.8,2,2146.0,70.84,55.0,29.0
2026-07-05,小红书,27,27,1366.2,50.6,0.08,1200.0,50221,1265,23,4,13.66,5918.8,0,783.0,0.0,55.0,29.0
2026-07-05,淘宝,88,88,4452.8,50.6,0.08,2000.0,127391,3334,73,15,44.53,5647.8,2,2552.0,70.84,55.0,29.0
2026-07-05,搜索广告,40,40,2024.0,50.6,0.08,1000.0,46802,1141,33,7,20.24,5847.8,1,1160.0,35.42,55.0,29.0
2026-07-05,私域,65,65,3289.0,50.6,0.08,600.0,52525,2166,40,25,32.89,5708.8,2,1885.0,70.84,55.0,29.0
2026-07-06,抖音,94,94,4756.4,50.6,0.08,2400.0,129753,3338,78,16,47.56,5820.47,3,2726.0,106.26,55.0,29.0
2026-07-06,小红书,25,25,1265.0,50.6,0.08,1200.0,50247,1242,21,4,12.65,6148.47,0,725.0,0.0,55.0,29.0
2026-07-06,淘宝,77,77,3896.2,50.6,0.08,2000.0,115343,2979,64,13,38.96,5825.47,2,2233.0,70.84,55.0,29.0
2026-07-06,搜索广告,54,54,2732.4,50.6,0.08,1000.0,51600,1334,45,9,27.32,6048.47,1,1566.0,35.42,55.0,29.0
2026-07-06,私域,53,53,2681.8,50.6,0.08,600.0,48167,2047,33,20,26.82,5910.47,1,1537.0,35.42,55.0,29.0
2026-07-07,抖音,94,94,4756.4,50.6,0.08,2400.0,148300,3790,78,16,47.56,5981.0,3,2726.0,106.26,55.0,29.0
2026-07-07,小红书,25,25,1265.0,50.6,0.08,1200.0,48082,1190,21,4,12.65,6378.0,0,725.0,0.0,55.0,29.0
2026-07-07,淘宝,91,91,4604.6,50.6,0.08,2000.0,142698,3369,75,16,46.05,5989.0,2,2639.0,70.84,55.0,29.0
2026-07-07,搜索广告,49,49,2479.4,50.6,0.08,1000.0,52484,1351,41,8,24.79,6254.0,2,1421.0,70.84,55.0,29.0
2026-07-07,私域,84,84,4250.4,50.6,0.08,600.0,64534,2485,52,32,42.5,6081.0,2,2436.0,70.84,55.0,29.0
2026-07-08,抖音,90,90,4554.0,50.6,0.08,2400.0,139928,3548,74,16,45.54,6147.45,2,2610.0,70.84,55.0,29.0
2026-07-08,小红书,23,23,1163.8,50.6,0.08,1200.0,52206,1260,19,4,11.64,6611.45,0,667.0,0.0,55.0,29.0
2026-07-08,淘宝,100,100,5060.0,50.6,0.08,2000.0,126585,3170,82,18,50.6,6145.45,3,2900.0,106.26,55.0,29.0
2026-07-08,搜索广告,43,43,2175.8,50.6,0.08,1000.0,50317,1312,36,7,21.76,6467.45,1,1247.0,35.42,55.0,29.0
2026-07-08,私域,69,69,3491.4,50.6,0.08,600.0,61986,2555,43,26,34.91,6268.45,1,2001.0,35.42,55.0,29.0
2026-07-09,抖音,85,85,4301.0,50.6,0.08,2640.0,144659,3655,70,15,43.01,6319.62,2,2465.0,70.84,55.0,29.0
2026-07-09,小红书,23,23,1163.8,50.6,0.08,1200.0,44404,1126,19,4,11.64,6845.62,0,667.0,0.0,55.0,29.0
2026-07-09,淘宝,88,88,4452.8,50.6,0.08,2000.0,129487,3290,73,15,44.53,6314.62,3,2552.0,106.26,55.0,29.0
2026-07-09,搜索广告,41,41,2074.6,50.6,0.08,1000.0,48798,1266,34,7,20.75,6683.62,1,1189.0,35.42,55.0,29.0
2026-07-09,私域,62,62,3137.2,50.6,0.08,600.0,59795,2401,39,23,31.37,6463.62,2,1798.0,70.84,55.0,29.0
2026-07-10,抖音,75,75,3795.0,50.6,0.08,2640.0,142245,3463,62,13,37.95,6503.47,2,2175.0,70.84,55.0,29.0
2026-07-10,小红书,21,21,1062.6,50.6,0.08,1200.0,45971,1080,18,3,10.63,7083.47,0,609.0,0.0,55.0,29.0
2026-07-10,淘宝,84,84,4250.4,50.6,0.08,2000.0,126439,3208,69,15,42.5,6489.47,2,2436.0,70.84,55.0,29.0
2026-07-10,搜索广告,37,37,1872.2,50.6,0.08,1000.0,46946,1121,31,6,18.72,6905.47,1,1073.0,35.42,55.0,29.0
2026-07-10,私域,81,81,4098.6,50.6,0.08,600.0,64089,2725,51,30,40.99,6641.47,3,2349.0,106.26,55.0,29.0
2026-07-11,抖音,101,101,5110.6,50.6,0.08,2640.0,152879,4161,83,18,51.11,6655.17,3,2929.0,106.26,55.0,29.0
2026-07-11,小红书,21,21,1062.6,50.6,0.08,1200.0,52970,1266,18,3,10.63,7315.17,0,609.0,0.0,55.0,29.0
2026-07-11,淘宝,76,76,3845.6,50.6,0.08,2000.0,135704,3216,63,13,38.46,6666.17,2,2204.0,70.84,55.0,29.0
2026-07-11,搜索广告,39,39,1973.4,50.6,0.08,1000.0,53800,1339,32,7,19.73,7119.17,1,1131.0,35.42,55.0,29.0
2026-07-11,私域,60,60,3036.0,50.6,0.08,600.0,61907,2363,38,22,30.36,6834.17,2,1740.0,70.84,55.0,29.0
2026-07-12,抖音,67,67,3390.2,50.6,0.08,2640.0,135260,3142,55,12,33.9,6843.26,2,1943.0,70.84,55.0,29.0
2026-07-12,小红书,19,19,961.4,50.6,0.08,1200.0,49120,1129,16,3,9.61,7551.26,0,551.0,0.0,55.0,29.0
2026-07-12,淘宝,94,94,4756.4,50.6,0.08,2000.0,136270,3502,78,16,47.56,6827.26,3,2726.0,106.26,55.0,29.0
2026-07-12,搜索广告,38,38,1922.8,50.6,0.08,1000.0,52344,1301,32,6,19.23,7336.26,1,1102.0,35.42,55.0,29.0
2026-07-12,私域,65,65,3289.0,50.6,0.08,600.0,64535,2477,41,24,32.89,7024.26,2,1885.0,70.84,55.0,29.0
2026-07-13,抖音,108,108,5464.8,50.6,0.08,2640.0,157223,4087,89,19,54.65,6989.46,3,3132.0,106.26,55.0,29.0
2026-07-13,小红书,28,28,1416.8,50.6,0.08,1200.0,48367,1178,23,5,14.17,7777.46,0,812.0,0.0,55.0,29.0
2026-07-13,淘宝,104,104,5262.4,50.6,0.08,2000.0,129309,3146,86,18,52.62,6977.46,3,3016.0,106.26,55.0,29.0
2026-07-13,搜索广告,55,55,2783.0,50.6,0.08,1000.0,47885,1347,46,9,27.83,7535.46,1,1595.0,35.42,55.0,29.0
2026-07-13,私域,73,73,3693.8,50.6,0.08,600.0,56757,2177,46,27,36.94,7205.46,2,2117.0,70.84,55.0,29.0
2026-07-14,抖音,72,72,3643.2,50.6,0.08,2640.0,126871,3089,60,12,36.43,7171.05,2,2088.0,70.84,55.0,29.0
2026-07-14,小红书,27,27,1366.2,50.6,0.08,1200.0,49423,1190,23,4,13.66,8004.05,0,783.0,0.0,55.0,29.0
2026-07-14,淘宝,89,89,4503.4,50.6,0.08,2000.0,122298,2948,73,16,45.03,7142.05,3,2581.0,106.26,55.0,29.0
2026-07-14,搜索广告,41,41,2074.6,50.6,0.08,1000.0,46190,1120,34,7,20.75,7748.05,1,1189.0,35.42,55.0,29.0
2026-07-14,私域,64,64,3238.4,50.6,0.08,600.0,55612,2194,40,24,32.38,7395.05,1,1856.0,35.42,55.0,29.0
2026-07-15,抖音,96,96,4857.6,50.6,0.08,2640.0,149221,3799,79,17,48.58,7327.28,2,2784.0,70.84,55.0,29.0
2026-07-15,小红书,28,28,1416.8,50.6,0.08,1200.0,48905,1201,23,5,14.17,8228.28,0,812.0,0.0,55.0,29.0
2026-07-15,淘宝,86,86,4351.6,50.6,0.08,2000.0,134736,2999,71,15,43.52,7308.28,3,2494.0,106.26,55.0,29.0
2026-07-15,搜索广告,49,49,2479.4,50.6,0.08,1000.0,53679,1365,41,8,24.79,7951.28,1,1421.0,35.42,55.0,29.0
2026-07-15,私域,65,65,3289.0,50.6,0.08,600.0,65803,2617,41,24,32.89,7582.28,2,1885.0,70.84,55.0,29.0
2026-07-16,抖音,122,122,6173.2,50.6,0.08,2904.0,184602,4785,101,21,61.73,7453.19,3,3538.0,106.26,55.0,29.0
2026-07-16,小红书,28,28,1416.8,50.6,0.08,1200.0,56689,1430,23,5,14.17,8448.19,1,812.0,35.42,55.0,29.0
2026-07-16,淘宝,99,99,5009.4,50.6,0.08,2000.0,144390,3505,82,17,50.09,7457.19,3,2871.0,106.26,55.0,29.0
2026-07-16,搜索广告,47,47,2378.2,50.6,0.08,1000.0,54085,1320,39,8,23.78,8152.19,1,1363.0,35.42,55.0,29.0
2026-07-16,私域,67,67,3390.2,50.6,0.08,600.0,64293,2486,42,25,33.9,7763.19,2,1943.0,70.84,55.0,29.0
2026-07-17,抖音,112,112,5667.2,50.6,0.08,2904.0,170771,4421,92,20,56.67,7596.15,4,3248.0,141.68,55.0,29.0
2026-07-17,小红书,27,27,1366.2,50.6,0.08,1200.0,58465,1403,23,4,13.66,8676.15,0,783.0,0.0,55.0,29.0
2026-07-17,淘宝,107,107,5414.2,50.6,0.08,2000.0,145137,3670,88,19,54.14,7605.15,3,3103.0,106.26,55.0,29.0
2026-07-17,搜索广告,60,60,3036.0,50.6,0.08,1000.0,55880,1431,50,10,30.36,8347.15,1,1740.0,35.42,55.0,29.0
2026-07-17,私域,79,79,3997.4,50.6,0.08,600.0,59389,2518,50,29,39.97,7939.15,2,2291.0,70.84,55.0,29.0
2026-07-18,抖音,86,86,4351.6,50.6,0.08,2904.0,162624,3824,71,15,43.52,7763.1,3,2494.0,106.26,55.0,29.0
2026-07-18,小红书,35,35,1771.0,50.6,0.08,1200.0,55337,1477,29,6,17.71,8894.1,1,1015.0,35.42,55.0,29.0
2026-07-18,淘宝,108,108,5464.8,50.6,0.08,2000.0,156348,3789,89,19,54.65,7750.1,3,3132.0,106.26,55.0,29.0
2026-07-18,搜索广告,53,53,2681.8,50.6,0.08,1000.0,53150,1440,44,9,26.82,8547.1,2,1537.0,70.84,55.0,29.0
2026-07-18,私域,81,81,4098.6,50.6,0.08,600.0,62473,2548,51,30,40.99,8111.1,2,2349.0,70.84,55.0,29.0
2026-07-19,抖音,93,93,4705.8,50.6,0.08,2904.0,190088,4620,77,16,47.06,7925.16,2,2697.0,70.84,55.0,29.0
2026-07-19,小红书,26,26,1315.6,50.6,0.08,1200.0,56336,1343,22,4,13.16,9123.16,1,754.0,35.42,55.0,29.0
2026-07-19,淘宝,95,95,4807.0,50.6,0.08,2000.0,162040,4171,78,17,48.07,7910.16,3,2755.0,106.26,55.0,29.0
2026-07-19,搜索广告,46,46,2327.6,50.6,0.08,1000.0,59815,1490,38,8,23.28,8756.16,1,1334.0,35.42,55.0,29.0
2026-07-19,私域,66,66,3339.6,50.6,0.08,600.0,64160,2383,42,24,33.4,8300.16,2,1914.0,70.84,55.0,29.0
2026-07-20,抖音,76,76,3845.6,50.6,0.08,2904.0,164389,4006,63,13,38.46,8105.82,2,2204.0,70.84,55.0,29.0
2026-07-20,小红书,23,23,1163.8,50.6,0.08,1200.0,50884,1262,19,4,11.64,9356.82,0,667.0,0.0,55.0,29.0
2026-07-20,淘宝,81,81,4098.6,50.6,0.08,2000.0,134923,3542,67,14,40.99,8085.82,2,2349.0,70.84,55.0,29.0
2026-07-20,搜索广告,38,38,1922.8,50.6,0.08,1000.0,50128,1245,32,6,19.23,8974.82,1,1102.0,35.42,55.0,29.0
2026-07-20,私域,53,53,2681.8,50.6,0.08,600.0,62043,2385,34,19,26.82,8503.82,1,1537.0,35.42,55.0,29.0
2026-07-21,抖音,79,79,3997.4,50.6,0.08,2904.0,133265,3348,65,14,39.97,8287.47,2,2291.0,70.84,55.0,29.0
2026-07-21,小红书,27,27,1366.2,50.6,0.08,1200.0,44982,1173,23,4,13.66,9590.47,0,783.0,0.0,55.0,29.0
2026-07-21,淘宝,75,75,3795.0,50.6,0.08,2000.0,121874,2932,62,13,37.95,8271.47,2,2175.0,70.84,55.0,29.0
2026-07-21,搜索广告,37,37,1872.2,50.6,0.08,1000.0,41255,1038,31,6,18.72,9198.47,1,1073.0,35.42,55.0,29.0
2026-07-21,私域,55,55,2783.0,50.6,0.08,600.0,50255,2041,35,20,27.83,8709.47,2,1595.0,70.84,55.0,29.0
2026-07-22,抖音,80,80,4048.0,50.6,0.08,2904.0,146034,3466,66,14,40.48,8463.32,2,2320.0,70.84,55.0,29.0
2026-07-22,小红书,18,18,910.8,50.6,0.08,1200.0,40012,964,15,3,9.11,9828.32,0,522.0,0.0,55.0,29.0
2026-07-22,淘宝,107,107,5414.2,50.6,0.08,2000.0,137297,3726,88,19,54.14,8420.32,3,3103.0,106.26,55.0,29.0
2026-07-22,搜索广告,38,38,1922.8,50.6,0.08,1000.0,44616,1073,32,6,19.23,9416.32,1,1102.0,35.42,55.0,29.0
2026-07-22,私域,61,61,3086.6,50.6,0.08,600.0,51273,2101,39,22,30.87,8904.32,2,1769.0,70.84,55.0,29.0
2026-07-23,抖音,95,95,4807.0,50.6,0.08,3194.4,174044,4257,78,17,48.07,8634.65,3,2755.0,106.26,55.0,29.0
2026-07-23,小红书,32,32,1619.2,50.6,0.08,1200.0,51483,1275,27,5,16.19,10062.65,1,928.0,35.42,55.0,29.0
2026-07-23,淘宝,117,117,5920.2,50.6,0.08,2000.0,140943,3553,96,21,59.2,8569.65,4,3393.0,141.68,55.0,29.0
2026-07-23,搜索广告,50,50,2530.0,50.6,0.08,1000.0,44855,1113,41,9,25.3,9632.65,1,1450.0,35.42,55.0,29.0
2026-07-23,私域,71,71,3592.6,50.6,0.08,600.0,62631,2595,46,25,35.93,9099.65,2,2059.0,70.84,55.0,29.0
2026-07-24,抖音,97,97,4908.2,50.6,0.08,3194.4,167902,4185,80,17,49.08,8796.79,3,2813.0,106.26,55.0,29.0
2026-07-24,小红书,26,26,1315.6,50.6,0.08,1200.0,44361,1065,22,4,13.16,10295.79,1,754.0,35.42,55.0,29.0
2026-07-24,淘宝,108,108,5464.8,50.6,0.08,2000.0,129063,3337,89,19,54.65,8720.79,3,3132.0,106.26,55.0,29.0
2026-07-24,搜索广告,35,35,1771.0,50.6,0.08,1000.0,43107,1075,29,6,17.71,9856.79,1,1015.0,35.42,55.0,29.0
2026-07-24,私域,58,58,2934.8,50.6,0.08,600.0,52862,2062,37,21,29.35,9300.79,2,1682.0,70.84,55.0,29.0
2026-07-25,抖音,101,101,5110.6,50.6,0.08,3194.4,201589,5140,83,18,51.11,8950.78,3,2929.0,106.26,55.0,29.0
2026-07-25,小红书,35,35,1771.0,50.6,0.08,1200.0,55948,1408,29,6,17.71,10515.78,1,1015.0,35.42,55.0,29.0
2026-07-25,淘宝,109,109,5515.4,50.6,0.08,2000.0,138269,3605,90,19,55.15,8866.78,3,3161.0,106.26,55.0,29.0
2026-07-25,搜索广告,46,46,2327.6,50.6,0.08,1000.0,47832,1201,38,8,23.28,10065.78,1,1334.0,35.42,55.0,29.0
2026-07-25,私域,68,68,3440.8,50.6,0.08,600.0,57392,2291,44,24,34.41,9487.78,2,1972.0,70.84,55.0,29.0
2026-07-26,抖音,92,92,4655.2,50.6,0.08,3194.4,158723,3846,76,16,46.55,9115.67,3,2668.0,106.26,55.0,29.0
2026-07-26,小红书,25,25,1265.0,50.6,0.08,1200.0,42962,1114,21,4,12.65,10747.67,0,725.0,0.0,55.0,29.0
2026-07-26,淘宝,106,106,5363.6,50.6,0.08,2000.0,136265,3568,87,19,53.64,9017.67,3,3074.0,106.26,55.0,29.0
2026-07-26,搜索广告,48,48,2428.8,50.6,0.08,1000.0,44931,1160,40,8,24.29,10274.67,1,1392.0,35.42,55.0,29.0
2026-07-26,私域,79,79,3997.4,50.6,0.08,600.0,62260,2583,51,28,39.97,9665.67,2,2291.0,70.84,55.0,29.0
2026-07-27,抖音,105,105,5313.0,50.6,0.08,3194.4,174358,4731,87,18,53.13,9260.23,3,3045.0,106.26,55.0,29.0
2026-07-27,小红书,23,23,1163.8,50.6,0.08,1200.0,45801,1136,19,4,11.64,10974.23,1,667.0,35.42,55.0,29.0
2026-07-27,淘宝,102,102,5161.2,50.6,0.08,2000.0,128421,3225,84,18,51.61,9165.23,3,2958.0,106.26,55.0,29.0
2026-07-27,搜索广告,45,45,2277.0,50.6,0.08,1000.0,45591,1169,37,8,22.77,10479.23,1,1305.0,35.42,55.0,29.0
2026-07-27,私域,63,63,3187.8,50.6,0.08,600.0,60655,2436,41,22,31.88,9852.23,2,1827.0,70.84,55.0,29.0
2026-07-28,抖音,103,103,5211.8,50.6,0.08,3194.4,190386,4812,85,18,52.12,9406.95,4,2987.0,141.68,55.0,29.0
2026-07-28,小红书,27,27,1366.2,50.6,0.08,1200.0,51223,1298,23,4,13.66,11196.95,0,783.0,0.0,55.0,29.0
2026-07-28,淘宝,107,107,5414.2,50.6,0.08,2000.0,143217,3688,88,19,54.14,9307.95,3,3103.0,106.26,55.0,29.0
2026-07-28,搜索广告,45,45,2277.0,50.6,0.08,1000.0,51397,1237,37,8,22.77,10683.95,1,1305.0,35.42,55.0,29.0
2026-07-28,私域,65,65,3289.0,50.6,0.08,600.0,56528,2274,42,23,32.89,10036.95,1,1885.0,35.42,55.0,29.0
2026-07-29,抖音,87,87,4402.2,50.6,0.08,3194.4,155324,3924,72,15,44.02,9566.86,2,2523.0,70.84,55.0,29.0
2026-07-29,小红书,20,20,1012.0,50.6,0.08,1200.0,40095,1027,17,3,10.12,11423.86,0,580.0,0.0,55.0,29.0
2026-07-29,淘宝,78,78,3946.8,50.6,0.08,2000.0,111405,2674,64,14,39.47,9476.86,3,2262.0,106.26,55.0,29.0
2026-07-29,搜索广告,34,34,1720.4,50.6,0.08,1000.0,42986,1064,28,6,17.2,10896.86,1,986.0,35.42,55.0,29.0
2026-07-29,私域,64,64,3238.4,50.6,0.08,600.0,52239,2066,41,23,32.38,10219.86,1,1856.0,35.42,55.0,29.0
2026-07-30,抖音,76,76,3845.6,50.6,0.08,3513.84,149490,3789,63,13,38.46,9736.58,2,2204.0,70.84,55.0,29.0
2026-07-30,小红书,27,27,1366.2,50.6,0.08,1200.0,49909,1238,23,4,13.66,11642.58,0,783.0,0.0,55.0,29.0
2026-07-30,淘宝,86,86,4351.6,50.6,0.08,2000.0,120082,2985,71,15,43.52,9636.58,3,2494.0,106.26,55.0,29.0
2026-07-30,搜索广告,42,42,2125.2,50.6,0.08,1000.0,42576,1148,35,7,21.25,11100.58,1,1218.0,35.42,55.0,29.0
2026-07-30,私域,49,49,2479.4,50.6,0.08,600.0,47305,1891,32,17,24.79,10416.58,1,1421.0,35.42,55.0,29.0
2026-07-31,抖音,80,80,4048.0,50.6,0.08,3513.84,176138,4481,66,14,40.48,9906.59,2,2320.0,70.84,55.0,29.0
2026-07-31,小红书,24,24,1214.4,50.6,0.08,1200.0,44465,1135,20,4,12.14,11868.59,0,696.0,0.0,55.0,29.0
2026-07-31,淘宝,106,106,5363.6,50.6,0.08,2000.0,120878,3127,87,19,53.64,9780.59,4,3074.0,141.68,55.0,29.0
2026-07-31,搜索广告,45,45,2277.0,50.6,0.08,1000.0,48262,1263,37,8,22.77,11305.59,1,1305.0,35.42,55.0,29.0
2026-07-31,私域,67,67,3390.2,50.6,0.08,600.0,52475,2115,44,23,33.9,10599.59,2,1943.0,70.84,55.0,29.0
2026-08-01,抖音,87,87,4402.2,50.6,0.08,3513.84,178989,4353,72,15,44.02,10071.29,3,2523.0,106.26,55.0,29.0
2026-08-01,小红书,24,24,1214.4,50.6,0.08,1200.0,44195,1102,20,4,12.14,12096.29,0,696.0,0.0,55.0,29.0
2026-08-01,淘宝,90,90,4554.0,50.6,0.08,2000.0,112924,2829,74,16,45.54,9942.29,2,2610.0,70.84,55.0,29.0
2026-08-01,搜索广告,36,36,1821.6,50.6,0.08,1000.0,38628,940,30,6,18.22,11521.29,1,1044.0,35.42,55.0,29.0
2026-08-01,私域,61,61,3086.6,50.6,0.08,600.0,53900,2282,40,21,30.87,10790.29,2,1769.0,70.84,55.0,29.0
2026-08-02,抖音,93,93,4705.8,50.6,0.08,3513.84,157928,3985,77,16,47.06,10230.4,3,2697.0,106.26,55.0,29.0
2026-08-02,小红书,20,20,1012.0,50.6,0.08,1200.0,36652,887,17,3,10.12,12328.4,0,580.0,0.0,55.0,29.0
2026-08-02,淘宝,76,76,3845.6,50.6,0.08,2000.0,99581,2385,63,13,38.46,10118.4,2,2204.0,70.84,55.0,29.0
2026-08-02,搜索广告,37,37,1872.2,50.6,0.08,1000.0,38523,942,31,6,18.72,11736.4,1,1073.0,35.42,55.0,29.0
2026-08-02,私域,46,46,2327.6,50.6,0.08,600.0,43866,1749,30,16,23.28,10996.4,1,1334.0,35.42,55.0,29.0
2026-08-03,抖音,92,92,4655.2,50.6,0.08,3513.84,165439,4095,76,16,46.55,10391.68,2,2668.0,70.84,55.0,29.0
2026-08-03,小红书,21,21,1062.6,50.6,0.08,1200.0,38517,1018,18,3,10.63,12560.68,0,609.0,0.0,55.0,29.0
2026-08-03,淘宝,75,75,3795.0,50.6,0.08,2000.0,115381,2732,62,13,37.95,10296.68,2,2175.0,70.84,55.0,29.0
2026-08-03,搜索广告,35,35,1771.0,50.6,0.08,1000.0,40727,1030,29,6,17.71,11954.68,1,1015.0,35.42,55.0,29.0
2026-08-03,私域,58,58,2934.8,50.6,0.08,600.0,52270,2205,38,20,29.35,11191.68,1,1682.0,35.42,55.0,29.0
2026-08-04,抖音,92,92,4655.2,50.6,0.08,3513.84,185805,4743,76,16,46.55,10551.86,3,2668.0,106.26,55.0,29.0
2026-08-04,小红书,26,26,1315.6,50.6,0.08,1200.0,48716,1275,22,4,13.16,12786.86,0,754.0,0.0,55.0,29.0
2026-08-04,淘宝,88,88,4452.8,50.6,0.08,2000.0,120598,2976,73,15,44.53,10460.86,3,2552.0,106.26,55.0,29.0
2026-08-04,搜索广告,42,42,2125.2,50.6,0.08,1000.0,45813,1173,35,7,21.25,12164.86,1,1218.0,35.42,55.0,29.0
2026-08-04,私域,62,62,3137.2,50.6,0.08,600.0,53502,2201,41,21,31.37,11381.86,2,1798.0,70.84,55.0,29.0
2026-08-05,抖音,80,80,4048.0,50.6,0.08,3513.84,158734,3741,66,14,40.48,10727.9,2,2320.0,70.84,55.0,29.0
2026-08-05,小红书,18,18,910.8,50.6,0.08,1200.0,42791,975,15,3,9.11,13024.9,0,522.0,0.0,55.0,29.0
2026-08-05,淘宝,74,74,3744.4,50.6,0.08,2000.0,102793,2668,61,13,37.44,10642.9,2,2146.0,70.84,55.0,29.0
2026-08-05,搜索广告,33,33,1669.8,50.6,0.08,1000.0,42364,1019,28,5,16.7,12387.9,0,957.0,0.0,55.0,29.0
2026-08-05,私域,56,56,2833.6,50.6,0.08,600.0,51081,2076,37,19,28.34,11581.9,1,1624.0,35.42,55.0,29.0
2026-08-06,抖音,62,62,3137.2,50.6,0.08,3865.22,153215,3730,51,11,31.37,10917.35,2,1798.0,70.84,55.0,29.0
2026-08-06,小红书,20,20,1012.0,50.6,0.08,1200.0,38223,961,17,3,10.12,13256.35,0,580.0,0.0,55.0,29.0
2026-08-06,淘宝,81,81,4098.6,50.6,0.08,2000.0,106750,2805,67,14,40.99,10813.35,2,2349.0,70.84,55.0,29.0
2026-08-06,搜索广告,28,28,1416.8,50.6,0.08,1000.0,35770,930,23,5,14.17,12611.35,1,812.0,35.42,55.0,29.0
2026-08-06,私域,46,46,2327.6,50.6,0.08,600.0,50970,1996,30,16,23.28,11787.35,1,1334.0,35.42,55.0,29.0
2026-08-07,抖音,71,71,3592.6,50.6,0.08,3865.22,173639,3996,59,12,35.93,11097.27,2,2059.0,70.84,55.0,29.0
2026-08-07,小红书,19,19,961.4,50.6,0.08,1200.0,39383,980,16,3,9.61,13488.27,0,551.0,0.0,55.0,29.0
2026-08-07,淘宝,60,60,3036.0,50.6,0.08,2000.0,113979,2654,50,10,30.36,11004.27,1,1740.0,35.42,55.0,29.0
2026-08-07,搜索广告,34,34,1720.4,50.6,0.08,1000.0,40521,946,28,6,17.2,12828.27,1,986.0,35.42,55.0,29.0
2026-08-07,私域,46,46,2327.6,50.6,0.08,600.0,49992,1923,30,16,23.28,11992.27,1,1334.0,35.42,55.0,29.0
2026-08-08,抖音,94,94,4756.4,50.6,0.08,3865.22,211117,5401,78,16,47.56,11251.47,2,2726.0,70.84,55.0,29.0
2026-08-08,小红书,22,22,1113.2,50.6,0.08,1200.0,46905,1154,19,3,11.13,13714.47,0,638.0,0.0,55.0,29.0
2026-08-08,淘宝,76,76,3845.6,50.6,0.08,2000.0,131271,3204,63,13,38.46,11176.47,2,2204.0,70.84,55.0,29.0
2026-08-08,搜索广告,32,32,1619.2,50.6,0.08,1000.0,49574,1194,27,5,16.19,13044.47,1,928.0,35.42,55.0,29.0
2026-08-08,私域,60,60,3036.0,50.6,0.08,600.0,59809,2452,40,20,30.36,12180.47,1,1740.0,35.42,55.0,29.0
2026-08-09,抖音,72,72,3643.2,50.6,0.08,3865.22,184977,4832,60,12,36.43,11427.05,2,2088.0,70.84,55.0,29.0
2026-08-09,小红书,19,19,961.4,50.6,0.08,1200.0,51253,1195,16,3,9.61,13943.05,0,551.0,0.0,55.0,29.0
2026-08-09,淘宝,70,70,3542.0,50.6,0.08,2000.0,130637,3236,58,12,35.42,11354.05,2,2030.0,70.84,55.0,29.0
2026-08-09,搜索广告,36,36,1821.6,50.6,0.08,1000.0,50330,1243,30,6,18.22,13256.05,0,1044.0,0.0,55.0,29.0
2026-08-09,私域,60,60,3036.0,50.6,0.08,600.0,61611,2717,40,20,30.36,12368.05,2,1740.0,70.84,55.0,29.0
2026-08-10,抖音,82,82,4149.2,50.6,0.08,3865.22,192352,4416,68,14,41.49,11591.19,2,2378.0,70.84,55.0,29.0
2026-08-10,小红书,23,23,1163.8,50.6,0.08,1200.0,46359,1158,19,4,11.64,14166.19,0,667.0,0.0,55.0,29.0
2026-08-10,淘宝,80,80,4048.0,50.6,0.08,2000.0,118017,2936,66,14,40.48,11520.19,2,2320.0,70.84,55.0,29.0
2026-08-10,搜索广告,36,36,1821.6,50.6,0.08,1000.0,43936,1072,30,6,18.22,13466.19,1,1044.0,35.42,55.0,29.0
2026-08-10,私域,58,58,2934.8,50.6,0.08,600.0,55116,2200,38,20,29.35,12556.19,1,1682.0,35.42,55.0,29.0
2026-08-11,抖音,91,91,4604.6,50.6,0.08,3865.22,195198,5009,75,16,46.05,11746.66,3,2639.0,106.26,55.0,29.0
2026-08-11,小红书,27,27,1366.2,50.6,0.08,1200.0,49560,1211,23,4,13.66,14385.66,0,783.0,0.0,55.0,29.0
2026-08-11,淘宝,83,83,4199.8,50.6,0.08,2000.0,119445,2972,69,14,42.0,11683.66,3,2407.0,106.26,55.0,29.0
2026-08-11,搜索广告,45,45,2277.0,50.6,0.08,1000.0,46574,1239,37,8,22.77,13667.66,1,1305.0,35.42,55.0,29.0
2026-08-11,私域,54,54,2732.4,50.6,0.08,600.0,53816,2203,36,18,27.32,12748.66,1,1566.0,35.42,55.0,29.0
2026-08-12,抖音,116,116,5869.6,50.6,0.08,3865.22,238840,5957,96,20,58.7,11882.81,4,3364.0,141.68,55.0,29.0
2026-08-12,小红书,28,28,1416.8,50.6,0.08,1200.0,53034,1245,23,5,14.17,14609.81,0,812.0,0.0,55.0,29.0
2026-08-12,淘宝,88,88,4452.8,50.6,0.08,2000.0,135411,3355,73,15,44.53,11847.81,2,2552.0,70.84,55.0,29.0
2026-08-12,搜索广告,47,47,2378.2,50.6,0.08,1000.0,50631,1380,39,8,23.78,13872.81,1,1363.0,35.42,55.0,29.0
2026-08-12,私域,72,72,3643.2,50.6,0.08,600.0,59124,2329,48,24,36.43,12928.81,2,2088.0,70.84,55.0,29.0
2026-08-13,抖音,104,104,5262.4,50.6,0.08,4251.75,216790,5504,86,18,52.62,12032.06,3,3016.0,106.26,55.0,29.0
2026-08-13,小红书,33,33,1669.8,50.6,0.08,1200.0,55144,1401,28,5,16.7,14830.06,0,957.0,0.0,55.0,29.0
2026-08-13,淘宝,107,107,5414.2,50.6,0.08,2000.0,143942,3582,88,19,54.14,11994.06,4,3103.0,141.68,55.0,29.0
2026-08-13,搜索广告,43,43,2175.8,50.6,0.08,1000.0,51268,1247,36,7,21.76,14083.06,1,1247.0,35.42,55.0,29.0
2026-08-13,私域,75,75,3795.0,50.6,0.08,600.0,67031,2508,50,25,37.95,13107.06,1,2175.0,35.42,55.0,29.0
2026-08-14,抖音,107,107,5414.2,50.6,0.08,4251.75,220892,5441,88,19,54.14,12175.18,4,3103.0,141.68,55.0,29.0
2026-08-14,小红书,32,32,1619.2,50.6,0.08,1200.0,54900,1410,27,5,16.19,15048.18,1,928.0,35.42,55.0,29.0
2026-08-14,淘宝,97,97,4908.2,50.6,0.08,2000.0,126416,3040,80,17,49.08,12147.18,3,2813.0,106.26,55.0,29.0
2026-08-14,搜索广告,46,46,2327.6,50.6,0.08,1000.0,53010,1337,38,8,23.28,14287.18,1,1334.0,35.42,55.0,29.0
2026-08-14,私域,70,70,3542.0,50.6,0.08,600.0,63833,2666,46,24,35.42,13287.18,2,2030.0,70.84,55.0,29.0
2026-08-15,抖音,111,111,5616.6,50.6,0.08,4251.75,221694,5765,92,19,56.17,12313.9,3,3219.0,106.26,55.0,29.0
2026-08-15,小红书,25,25,1265.0,50.6,0.08,1200.0,47748,1247,21,4,12.65,15272.9,0,725.0,0.0,55.0,29.0
2026-08-15,淘宝,107,107,5414.2,50.6,0.08,2000.0,135335,3405,88,19,54.14,12289.9,2,3103.0,70.84,55.0,29.0
2026-08-15,搜索广告,47,47,2378.2,50.6,0.08,1000.0,49560,1254,39,8,23.78,14489.9,1,1363.0,35.42,55.0,29.0
2026-08-15,私域,70,70,3542.0,50.6,0.08,600.0,55721,2361,47,23,35.42,13466.9,2,2030.0,70.84,55.0,29.0
2026-08-16,抖音,89,89,4503.4,50.6,0.08,4251.75,249091,6276,73,16,45.03,12472.6,2,2581.0,70.84,55.0,29.0
2026-08-16,小红书,22,22,1113.2,50.6,0.08,1200.0,52484,1348,19,3,11.13,15498.6,0,638.0,0.0,55.0,29.0
2026-08-16,淘宝,78,78,3946.8,50.6,0.08,2000.0,141038,3310,64,14,39.47,12459.6,2,2262.0,70.84,55.0,29.0
2026-08-16,搜索广告,37,37,1872.2,50.6,0.08,1000.0,54230,1348,31,6,18.72,14700.6,1,1073.0,35.42,55.0,29.0
2026-08-16,私域,58,58,2934.8,50.6,0.08,600.0,66272,2738,39,19,29.35,13656.6,1,1682.0,35.42,55.0,29.0
2026-08-17,抖音,84,84,4250.4,50.6,0.08,4251.75,241654,5866,69,15,42.5,12633.67,2,2436.0,70.84,55.0,29.0
2026-08-17,小红书,21,21,1062.6,50.6,0.08,1200.0,55923,1351,18,3,10.63,15722.67,0,609.0,0.0,55.0,29.0
2026-08-17,淘宝,87,87,4402.2,50.6,0.08,2000.0,138602,3497,72,15,44.02,12617.67,3,2523.0,106.26,55.0,29.0
2026-08-17,搜索广告,38,38,1922.8,50.6,0.08,1000.0,55877,1362,32,6,19.23,14907.67,1,1102.0,35.42,55.0,29.0
2026-08-17,私域,52,52,2631.2,50.6,0.08,600.0,65087,2616,35,17,26.31,13849.67,2,1508.0,70.84,55.0,29.0
2026-08-18,抖音,80,80,4048.0,50.6,0.08,4251.75,248869,6477,66,14,40.48,12794.79,2,2320.0,70.84,55.0,29.0
2026-08-18,小红书,19,19,961.4,50.6,0.08,1200.0,48284,1255,16,3,9.61,15944.79,0,551.0,0.0,55.0,29.0
2026-08-18,淘宝,91,91,4604.6,50.6,0.08,2000.0,152782,3863,75,16,46.05,12767.79,3,2639.0,106.26,55.0,29.0
2026-08-18,搜索广告,38,38,1922.8,50.6,0.08,1000.0,57672,1410,32,6,19.23,15110.79,1,1102.0,35.42,55.0,29.0
2026-08-18,私域,57,57,2884.2,50.6,0.08,600.0,68671,2845,38,19,28.84,14033.79,1,1653.0,35.42,55.0,29.0
2026-08-19,抖音,81,81,4098.6,50.6,0.08,4251.75,234147,5796,67,14,40.99,12951.94,3,2349.0,106.26,55.0,29.0
2026-08-19,小红书,20,20,1012.0,50.6,0.08,1200.0,51287,1308,17,3,10.12,16162.94,0,580.0,0.0,55.0,29.0
2026-08-19,淘宝,71,71,3592.6,50.6,0.08,2000.0,142084,3452,59,12,35.93,12934.94,2,2059.0,70.84,55.0,29.0
2026-08-19,搜索广告,34,34,1720.4,50.6,0.08,1000.0,50159,1256,28,6,17.2,15314.94,1,986.0,35.42,55.0,29.0
2026-08-19,私域,54,54,2732.4,50.6,0.08,600.0,66254,2657,36,18,27.32,14217.94,2,1566.0,70.84,55.0,29.0
2026-08-20,抖音,75,75,3795.0,50.6,0.08,4676.92,257794,5810,62,13,37.95,13117.94,2,2175.0,70.84,55.0,29.0
2026-08-20,小红书,21,21,1062.6,50.6,0.08,1200.0,50982,1195,18,3,10.63,16382.94,0,609.0,0.0,55.0,29.0
2026-08-20,淘宝,68,68,3440.8,50.6,0.08,2000.0,130946,3298,56,12,34.41,13107.94,2,1972.0,70.84,55.0,29.0
2026-08-20,搜索广告,38,38,1922.8,50.6,0.08,1000.0,50677,1197,32,6,19.23,15517.94,1,1102.0,35.42,55.0,29.0
2026-08-20,私域,63,63,3187.8,50.6,0.08,600.0,66093,2669,42,21,31.88,14395.94,2,1827.0,70.84,55.0,29.0
2026-08-21,抖音,89,89,4503.4,50.6,0.08,4676.92,253082,5995,73,16,45.03,13273.0,3,2581.0,106.26,55.0,29.0
2026-08-21,小红书,24,24,1214.4,50.6,0.08,1200.0,50104,1277,20,4,12.14,16603.0,0,696.0,0.0,55.0,29.0
2026-08-21,淘宝,83,83,4199.8,50.6,0.08,2000.0,132906,3577,69,14,42.0,13269.0,3,2407.0,106.26,55.0,29.0
2026-08-21,搜索广告,38,38,1922.8,50.6,0.08,1000.0,47817,1176,32,6,19.23,15724.0,1,1102.0,35.42,55.0,29.0
2026-08-21,私域,65,65,3289.0,50.6,0.08,600.0,59631,2399,44,21,32.89,14575.0,2,1885.0,70.84,55.0,29.0
2026-08-22,抖音,112,112,5667.2,50.6,0.08,4676.92,279014,6925,92,20,56.67,13407.47,3,3248.0,106.26,55.0,29.0
2026-08-22,小红书,25,25,1265.0,50.6,0.08,1200.0,42714,1165,21,4,12.65,16824.47,0,725.0,0.0,55.0,29.0
2026-08-22,淘宝,77,77,3896.2,50.6,0.08,2000.0,125176,2926,64,13,38.96,13438.47,2,2233.0,70.84,55.0,29.0
2026-08-22,搜索广告,47,47,2378.2,50.6,0.08,1000.0,51366,1281,39,8,23.78,15923.47,1,1363.0,35.42,55.0,29.0
2026-08-22,私域,63,63,3187.8,50.6,0.08,600.0,60275,2518,42,21,31.88,14758.47,2,1827.0,70.84,55.0,29.0
2026-08-23,抖音,128,128,6476.8,50.6,0.08,4676.92,291674,7430,105,23,64.77,13524.45,4,3712.0,141.68,55.0,29.0
2026-08-23,小红书,28,28,1416.8,50.6,0.08,1200.0,57164,1378,23,5,14.17,17041.45,1,812.0,35.42,55.0,29.0
2026-08-23,淘宝,81,81,4098.6,50.6,0.08,2000.0,134092,3257,67,14,40.99,13602.45,3,2349.0,106.26,55.0,29.0
2026-08-23,搜索广告,46,46,2327.6,50.6,0.08,1000.0,51798,1306,38,8,23.28,16122.45,1,1334.0,35.42,55.0,29.0
2026-08-23,私域,69,69,3491.4,50.6,0.08,600.0,63829,2561,46,23,34.91,14934.45,2,2001.0,70.84,55.0,29.0
2026-08-24,抖音,99,99,5009.4,50.6,0.08,4676.92,275164,6386,82,17,50.09,13667.34,3,2871.0,106.26,55.0,29.0
2026-08-24,小红书,25,25,1265.0,50.6,0.08,1200.0,47562,1220,21,4,12.65,17258.34,0,725.0,0.0,55.0,29.0
2026-08-24,淘宝,85,85,4301.0,50.6,0.08,2000.0,134168,3385,70,15,43.01,13759.34,2,2465.0,70.84,55.0,29.0
2026-08-24,搜索广告,45,45,2277.0,50.6,0.08,1000.0,51212,1313,37,8,22.77,16319.34,1,1305.0,35.42,55.0,29.0
2026-08-24,私域,74,74,3744.4,50.6,0.08,600.0,62862,2873,50,24,37.44,15102.34,2,2146.0,70.84,55.0,29.0
2026-08-25,抖音,112,112,5667.2,50.6,0.08,4676.92,313667,7745,92,20,56.67,13795.73,3,3248.0,106.26,55.0,29.0
2026-08-25,小红书,23,23,1163.8,50.6,0.08,1200.0,51677,1291,19,4,11.64,17475.73,0,667.0,0.0,55.0,29.0
2026-08-25,淘宝,92,92,4655.2,50.6,0.08,2000.0,149940,3712,76,16,46.55,13907.73,2,2668.0,70.84,55.0,29.0
2026-08-25,搜索广告,44,44,2226.4,50.6,0.08,1000.0,56588,1352,37,7,22.26,16515.73,1,1276.0,35.42,55.0,29.0
2026-08-25,私域,69,69,3491.4,50.6,0.08,600.0,65962,2660,47,22,34.91,15273.73,2,2001.0,70.84,55.0,29.0
2026-08-26,抖音,84,84,4250.4,50.6,0.08,4676.92,228343,5667,69,15,42.5,13951.17,2,2436.0,70.84,55.0,29.0
2026-08-26,小红书,25,25,1265.0,50.6,0.08,1200.0,45496,1145,21,4,12.65,17690.17,0,725.0,0.0,55.0,29.0
2026-08-26,淘宝,82,82,4149.2,50.6,0.08,2000.0,125724,3059,68,14,41.49,14065.17,2,2378.0,70.84,55.0,29.0
2026-08-26,搜索广告,31,31,1568.6,50.6,0.08,1000.0,44452,1035,26,5,15.69,16724.17,1,899.0,35.42,55.0,29.0
2026-08-26,私域,51,51,2580.6,50.6,0.08,600.0,53870,2127,35,16,25.81,15462.17,1,1479.0,35.42,55.0,29.0
2026-08-27,抖音,101,101,5110.6,50.6,0.08,4676.92,238118,6003,83,18,51.11,14093.53,4,2929.0,141.68,55.0,29.0
2026-08-27,小红书,23,23,1163.8,50.6,0.08,1200.0,47750,1124,19,4,11.64,17910.53,0,667.0,0.0,55.0,29.0
2026-08-27,淘宝,83,83,4199.8,50.6,0.08,2000.0,117171,3142,69,14,42.0,14225.53,2,2407.0,70.84,55.0,29.0
2026-08-27,搜索广告,39,39,1973.4,50.6,0.08,1000.0,49956,1250,32,7,19.73,16928.53,1,1131.0,35.42,55.0,29.0
2026-08-27,私域,53,53,2681.8,50.6,0.08,600.0,51525,1988,36,17,26.82,15652.53,1,1537.0,35.42,55.0,29.0
2026-08-28,抖音,96,96,4857.6,50.6,0.08,4676.92,251510,6387,79,17,48.58,14244.67,2,2784.0,70.84,55.0,29.0
2026-08-28,小红书,27,27,1366.2,50.6,0.08,1200.0,49755,1244,23,4,13.66,18130.67,1,783.0,35.42,55.0,29.0
2026-08-28,淘宝,96,96,4857.6,50.6,0.08,2000.0,129982,3305,79,17,48.58,14376.67,3,2784.0,106.26,55.0,29.0
2026-08-28,搜索广告,40,40,2024.0,50.6,0.08,1000.0,50618,1179,33,7,20.24,17135.67,1,1160.0,35.42,55.0,29.0
2026-08-28,私域,68,68,3440.8,50.6,0.08,600.0,58434,2401,46,22,34.41,15831.67,1,1972.0,35.42,55.0,29.0
2026-08-29,抖音,84,84,4250.4,50.6,0.08,4676.92,242698,5959,69,15,42.5,14403.61,2,2436.0,70.84,55.0,29.0
2026-08-29,小红书,26,26,1315.6,50.6,0.08,1200.0,43002,1160,22,4,13.16,18347.61,0,754.0,0.0,55.0,29.0
2026-08-29,淘宝,96,96,4857.6,50.6,0.08,2000.0,127061,3060,79,17,48.58,14523.61,2,2784.0,70.84,55.0,29.0
2026-08-29,搜索广告,41,41,2074.6,50.6,0.08,1000.0,51778,1309,34,7,20.75,17337.61,1,1189.0,35.42,55.0,29.0
2026-08-29,私域,50,50,2530.0,50.6,0.08,600.0,56117,2186,34,16,25.3,16024.61,1,1450.0,35.42,55.0,29.0
